Region/Country/Economy,1971,1972,1973,1974,1975,1976,1977,1978,1979,1980,1981,1982,1983,1984,1985,1986,1987,1988,1989,1990,1991,1992,1993,1994,1995,1996,1997,1998,1999,2000,2001,2002,2003,2004,2005,2006,2007,2008,2009,2010,2011,2012,2013,2014,2015,2016
Canada,340.230963,357.909214,375.653583,385.344415,377.105855,389.220678,401.597003,403.135728,417.314392,422.262328,402.774744,385.667481,379.044853,394.376073,393.880159,385.751236,396.623968,426.681217,442.25027,419.599321,413.075629,425.828742,423.272533,438.478886,448.985852,462.901206,478.528767,484.686143,494.760402,516.259214,508.57857,514.445156,534.262332,526.180993,540.036457,530.717651,561.89381,541.97774,514.48872,529.466868,537.27338,534.262956,542.449934,544.01283,541.76646,540.766363
Chile,21.036434,20.642593,20.006574,19.70978,17.111666,17.892465,18.680605,19.391087,20.630203,21.40532,21.301267,18.387406,19.013309,20.216271,19.631218,20.22654,20.510068,24.809152,30.009383,29.435281,28.268568,29.209383,30.973452,34.000863,37.075348,42.914597,49.430174,50.089616,52.634706,48.623721,46.674221,47.427096,48.616645,53.349045,54.434643,55.677481,63.075005,66.533462,64.212784,68.60477,75.316665,77.235768,81.861935,75.469695,81.153979,85.289602
Mexico,93.748085,106.449786,117.63082,128.283258,134.558215,145.195094,154.303378,170.194435,183.823466,204.603852,219.53837,230.363807,223.835736,231.835745,241.15384,239.877139,249.470633,248.323834,262.0536,256.956534,275.145774,278.010865,285.596143,309.344832,291.33645,304.78277,323.02212,345.372241,335.899908,359.735509,360.600416,368.116059,386.601962,396.045827,412.385133,426.860183,433.369089,434.539407,425.193595,440.460331,456.460302,459.456267,449.626507,434.204443,442.417187,445.466234
United States,4289.035491,4527.984121,4691.09084,4539.981903,4355.839173,4616.828575,4781.620662,4771.142676,4800.310293,4595.789108,4533.920777,4321.082509,4294.487971,4485.577874,4514.3132,4478.048562,4633.016127,4842.013217,4904.547624,4803.082721,4765.774178,4837.748581,4952.760229,5024.119645,5073.896077,5230.535481,5495.044433,5545.442049,5563.874588,5729.874597,5702.169417,5545.47832,5610.749687,5688.777629,5703.220159,5602.449663,5686.716033,5512.512895,5120.690225,5352.120429,5128.178036,4903.010208,5038.523668,5046.564609,4919.620275,4833.080867
OECD Americas,4744.050973,5012.985714,5204.381817,5073.319356,4884.614909,5169.136812,5356.201648,5363.863926,5422.078354,5244.060608,5177.535158,4955.501203,4916.381869,5132.005963,5168.978417,5123.903477,5299.620796,5541.82742,5638.860877,5509.073857,5482.264149,5570.797571,5692.602357,5805.944226,5851.293727,6041.134054,6346.025494,6425.590049,6447.169604,6654.493041,6618.022624,6475.466631,6580.230626,6664.353494,6710.076392,6615.704978,6745.053937,6555.563504,6124.585324,6390.652398,6197.228383,5973.965199,6112.462044,6100.251577,5984.957901,5904.603066
Australia,143.364797,148.422049,157.734251,172.549577,179.467404,181.88668,195.919375,191.090631,197.378898,206.729618,207.361597,213.666649,201.759511,208.045078,220.128054,221.505405,231.814089,240.802244,254.272929,259.6972,261.037246,265.056325,268.970128,274.914401,285.324088,295.801536,303.096647,323.74612,328.805251,334.645115,340.982487,348.962589,352.806647,366.604808,371.867414,377.308531,387.403727,389.924817,395.970955,389.061015,387.082638,386.549449,382.557079,373.333528,379.251548,392.365683
Israel,13.778019,14.4365,15.659229,15.826399,16.413189,16.487572,17.388626,18.583549,19.011563,18.855457,19.643968,20.938997,21.783112,22.673898,24.313614,26.724841,28.996163,30.701531,31.953823,32.818142,33.328659,35.554279,39.04647,41.854078,44.873872,47.059851,49.24706,49.314325,50.709177,54.843947,56.13128,59.258247,61.001666,61.175022,58.796708,62.007445,64.268459,64.478535,63.854186,68.43795,67.512455,73.751875,65.176035,62.862656,64.395847,63.741989
Japan,750.998474,788.841549,897.855217,886.076974,849.909982,876.460191,901.125462,895.711279,917.872351,870.613124,846.591641,820.252657,826.177189,886.756916,866.233796,866.288554,871.445919,936.97661,964.695218,1037.104219,1047.58277,1059.782906,1050.682779,1100.166709,1111.922929,1122.833175,1111.307906,1070.153558,1108.457805,1124.72116,1115.273811,1157.755781,1165.651444,1157.259793,1163.700225,1144.287457,1186.8955,1110.066854,1052.211619,1104.197609,1158.675124,1203.279308,1226.029243,1185.129189,1152.557751,1147.127886
Korea,52.942067,54.852832,68.234482,71.623919,77.728213,86.410586,98.633922,107.422626,121.255911,125.599652,131.379049,131.221847,139.158976,151.438049,155.729612,162.089279,168.385187,191.985988,203.227419,231.805829,255.832698,275.919895,302.904403,327.437085,357.306015,381.680322,402.317573,343.687212,378.158508,431.896996,445.86259,435.894685,437.778855,459.789615,457.67211,464.712075,477.413759,488.844487,502.089462,550.915668,573.760786,575.466346,574.551412,562.678579,582.047083,589.173106
New Zealand,13.501737,15.470591,16.696632,17.390734,16.429691,18.177906,18.718353,18.215977,16.358736,16.475729,16.255953,17.944019,18.063972,18.438748,18.905092,17.88374,19.129329,20.409646,20.531415,21.750035,22.068471,23.807204,23.421306,23.727297,23.933058,24.94738,27.184366,26.722531,28.116212,28.981912,31.182974,31.087785,32.976276,32.4434,33.71483,33.767985,32.616269,33.458769,30.469721,30.38642,29.689037,31.224129,30.967148,31.253573,31.241095,30.453806
OECD Asia Oceania,974.585094,1022.023521,1156.179811,1163.467603,1139.948479,1179.422935,1231.785738,1231.024062,1271.877459,1238.27358,1221.232208,1204.024169,1206.94276,1287.352689,1285.310168,1294.491819,1319.770687,1420.876019,1474.680804,1583.175425,1619.849844,1660.120609,1685.025086,1768.09957,1823.359962,1872.322264,1893.153552,1813.623746,1894.246953,1975.08913,1989.433142,2032.959087,2050.214888,2077.272638,2085.751287,2082.083493,2148.597714,2086.773462,2044.595943,2142.998662,2216.72004,2270.271107,2279.280917,2215.257525,2209.493324,2222.86247
Austria,48.607022,50.407469,53.809181,51.134598,49.488781,53.948371,51.327814,53.666002,55.916132,54.355288,51.554578,49.777732,49.400125,50.970217,52.649009,51.640979,52.387537,50.34032,50.396347,56.239538,60.415085,55.55983,55.768784,56.183025,59.549047,63.265737,62.456801,63.070895,61.444933,61.820266,66.191268,67.631888,72.707575,74.005807,74.324525,71.832719,69.36554,69.128659,62.819689,68.27817,66.736616,64.105134,64.769886,61.236901,62.50848,62.880284
Belgium,117.980385,127.97169,133.081569,130.928865,115.556917,124.648262,123.416568,128.767597,132.333195,125.549722,115.083466,108.702236,99.939946,101.8848,100.991894,101.276342,101.340329,103.036148,104.379181,106.288075,110.964245,109.180111,107.164719,111.986516,111.451236,116.715847,113.56685,116.205451,112.346719,113.772993,115.078046,107.596904,112.44002,111.062104,107.386999,105.44124,101.797506,103.705255,96.760526,103.664561,92.792428,92.308043,93.555571,87.377763,92.649633,91.558877
Czech Republic,153.47281,152.415267,149.353712,148.492884,154.982202,159.828869,169.335154,165.308109,174.865265,167.96917,168.595296,171.257312,172.464153,175.139306,175.254244,175.249365,176.287477,172.84077,165.297694,150.203119,136.901728,131.672653,128.787151,122.49916,123.1748,124.62453,122.708401,116.852773,109.982811,121.23048,121.09236,117.124546,121.28074,121.810539,118.369858,118.850272,121.581686,116.364228,109.643441,112.568666,109.465947,105.899084,101.630507,98.528828,99.649834,101.399209
Denmark,55.421762,57.404646,56.252822,50.016801,52.645638,58.309531,59.935156,59.551371,63.078827,63.060794,52.871366,55.048439,51.689957,53.285359,61.031789,61.596673,59.815034,55.990842,50.176538,50.983229,61.203676,55.320472,57.702233,61.616427,58.385222,71.637807,61.88662,57.966871,54.780946,50.797239,52.374008,52.08915,57.489002,51.847672,48.494951,56.404291,51.63992,48.659915,46.925431,47.254486,42.056009,36.858462,38.627526,34.441499,31.956094,33.456346
Estonia,..,..,..,..,..,..,..,..,..,..,..,..,..,..,..,..,..,..,..,35.013969,31.366236,23.464924,18.096395,17.558585,15.889309,16.84821,16.432441,15.855307,14.837271,14.44753,14.907757,14.505466,16.490089,16.544191,16.742954,15.465212,19.247975,17.67851,14.693925,18.564258,17.626921,16.363801,18.774887,17.393007,15.111567,16.369772
Finland,39.854749,43.610239,47.924705,44.208851,44.188897,50.402785,50.029073,54.638495,54.120247,54.865628,45.547024,44.086135,42.605679,43.959899,48.28491,48.450348,52.188244,51.473092,51.503333,53.833602,54.563819,51.806991,53.100459,59.564024,55.714542,62.192978,60.173989,56.817759,56.031326,54.592702,60.584508,62.954763,71.241456,67.154132,54.91806,66.451003,64.497206,56.043504,53.795587,61.994354,54.559413,48.904744,49.528016,45.498268,42.428258,45.522182
France,423.373249,438.776211,474.377967,456.558514,423.108024,463.082453,448.85424,467.903305,474.560632,455.214065,407.159111,389.602133,373.927877,361.496258,351.797988,341.624457,335.13157,333.553901,349.263209,345.599383,370.301328,359.312754,340.932558,335.700424,343.648121,359.523642,351.029465,372.496356,366.617646,364.674797,368.205358,362.524181,368.282714,369.081267,371.892908,362.610971,354.326385,350.083285,336.751297,341.032142,313.971571,317.132692,317.534628,285.534648,292.161811,292.921517
Germany,978.142393,1001.573938,1052.182364,1025.899066,973.365912,1029.249681,1013.47175,1051.706576,1099.049165,1048.150694,1015.866913,974.527141,976.079879,995.679963,1004.256092,1006.959351,997.133455,989.62045,965.797786,940.007697,917.644162,877.601565,871.821883,859.106385,856.596919,887.062128,854.919673,846.943861,814.959374,812.311588,831.479229,817.901911,820.732401,804.67294,786.664308,799.169942,766.721515,775.186769,720.2054,758.802586,731.224672,744.674178,763.769235,723.177095,729.684104,731.622616
Greece,25.064794,28.936556,33.724801,32.259328,34.099705,38.825886,40.195777,42.652074,44.884608,45.176142,44.651866,45.941535,49.128435,50.822511,54.479892,54.349544,59.811272,63.806078,68.754271,69.857368,70.101969,72.315884,72.215898,73.814835,76.478497,76.379742,77.353676,80.744242,81.029454,87.923587,90.041815,90.283197,93.848633,93.480596,95.156342,94.103839,97.902895,94.351603,90.158173,83.369475,82.11721,76.98635,68.84516,65.726679,64.543194,63.07662
Hungary,60.254014,62.096777,66.405328,68.7585,70.172699,73.341079,76.925826,84.813758,83.386437,82.613653,81.711341,82.055376,78.436298,80.477095,79.755481,78.257237,79.111355,74.451867,72.969745,65.669984,63.450184,57.143067,57.360432,56.603262,56.245325,57.343906,55.816065,56.131285,56.686521,53.280259,54.923414,54.173905,56.774936,55.060798,54.722149,54.161505,52.522389,51.753193,46.866408,47.145125,46.34369,42.748779,40.246648,40.059452,42.708326,43.924369
Iceland,1.404193,1.498084,1.666274,1.661568,1.614155,1.590451,1.634357,1.757921,1.826959,1.746982,1.736251,1.563523,1.595158,1.694827,1.627914,1.701374,1.743664,1.827495,1.824251,1.895892,1.865968,1.899642,1.944587,2.054049,1.964277,2.225896,2.108483,2.100156,2.054976,2.161024,2.105557,2.205538,2.194306,2.269523,2.235375,2.272643,2.319832,2.121787,2.079882,1.949179,1.868721,1.859892,2.031819,2.047532,2.057452,2.064859
Ireland,21.642659,21.399206,20.829586,22.601036,21.148868,21.876155,23.487661,23.205509,27.053316,25.895831,25.700596,25.275319,25.123339,24.904505,26.453219,27.464477,29.104179,28.103307,29.240274,30.111238,30.729253,30.833896,30.993557,32.050448,32.636024,33.99175,34.999149,37.604455,39.114502,40.913302,43.063533,42.180231,42.095767,42.568805,44.392677,45.459161,44.648599,44.266516,39.694654,39.531373,35.393197,35.913173,34.606965,34.088825,35.355428,36.868437
Italy,289.401857,306.537252,328.081915,331.434413,317.060301,341.984759,332.594151,338.274627,353.929432,355.353191,345.953205,341.14618,336.382585,341.984101,342.046891,343.290874,362.713586,366.820719,384.750303,389.41197,388.384134,385.844309,382.857934,378.495496,401.10498,398.163461,401.287305,411.832183,417.730632,420.436643,420.181384,427.183045,445.257745,454.994774,456.431846,449.18446,441.461103,428.854468,383.717102,391.99231,384.107402,366.677221,337.575733,319.19181,329.683169,325.671434
Latvia,..,..,..,..,..,..,..,..,..,..,..,..,..,..,..,..,..,..,..,18.777413,17.201457,13.832937,11.741527,10.14693,8.902534,8.90356,8.420925,8.027832,7.410153,6.841148,7.247263,7.234717,7.464351,7.479622,7.580594,8.030669,8.360267,7.938215,7.186292,8.087566,7.339138,6.995579,6.913281,6.72547,6.846251,6.799978
Luxembourg,16.472254,16.117635,17.447978,16.01207,12.739168,13.641983,12.956874,14.160952,13.262432,12.45036,10.53641,9.880091,9.239823,10.109477,10.335313,10.018151,9.425352,9.872807,10.640486,10.745618,11.238356,10.915147,11.213037,10.323386,8.225746,8.308616,7.800135,7.12157,7.454768,8.058588,8.690137,9.366786,9.847219,11.23354,11.482119,11.290824,10.698052,10.625698,10.068588,10.649662,10.513699,10.320016,9.780137,9.281987,8.810956,8.474903
Netherlands,127.67911,142.500871,148.450078,140.148818,131.962015,140.7235,138.521467,143.012108,153.154954,145.417307,143.265878,134.919366,130.472631,135.309143,138.396738,141.461848,145.369294,143.337953,146.408541,147.77482,153.812143,152.595451,157.538396,156.688145,163.582738,173.220902,165.882188,166.264867,160.906914,161.617311,166.590302,166.903653,169.919074,171.6587,167.167928,162.864905,163.648453,164.457079,159.674658,170.118877,158.191275,156.1988,155.871233,148.642553,156.120966,157.073491
Norway,23.001041,23.55877,23.368393,22.698537,23.603318,25.342983,26.583365,27.084156,28.798387,27.235492,25.468905,24.325871,24.409684,25.060858,26.41566,29.715105,27.581458,27.732841,27.092937,27.467397,25.954396,28.862531,30.531429,32.11595,31.408409,32.365373,34.117479,35.756733,37.220765,31.879205,32.889219,32.50398,35.070294,35.5936,34.500492,35.462102,36.037792,35.305622,35.683377,38.385799,36.887155,36.080748,35.951152,35.730232,36.071208,35.518923
Poland,287.362338,299.57673,312.790429,325.211972,338.900007,362.484692,375.047027,400.148263,406.116246,416.002249,385.785102,391.823631,394.117855,409.705582,422.392209,428.165066,443.657918,432.783255,413.572428,344.761564,346.210906,337.830361,338.869423,333.109204,333.337807,349.101162,337.888004,312.080075,302.800066,289.591387,288.640041,282.61095,293.129895,296.744984,296.261056,308.078152,306.29467,301.597379,291.47197,307.493266,303.187962,296.941208,292.406647,279.258968,282.696963,293.127293
Portugal,14.390622,14.550001,16.19153,16.487651,18.031114,19.347843,18.751925,19.756013,21.888964,23.75309,24.876923,25.369677,26.080644,25.040844,23.924907,27.251628,27.757932,28.861278,37.138374,37.892578,39.496684,43.638029,42.597786,44.010863,47.231135,45.354484,47.370563,52.063622,58.380628,57.852168,57.756558,61.694895,56.90757,58.124731,61.385795,56.44486,54.631604,52.832424,53.076547,47.561328,47.054939,45.67028,43.7412,42.835044,46.994838,47.374094
Slovak Republic,38.865866,39.294047,40.97194,41.84146,43.153698,43.689704,45.418861,50.650183,51.543248,55.776811,54.433044,52.820224,52.701845,54.56674,54.413316,51.687061,53.500048,54.299713,53.652462,54.811836,47.93813,44.789174,43.290923,40.586971,41.215622,41.074119,41.058446,39.581503,38.833148,36.882216,37.367992,36.900359,37.409628,36.21345,37.26225,36.484267,35.705258,35.423771,32.608976,34.572254,32.854933,31.25107,31.78539,29.17109,29.444724,30.213017
Slovenia,..,..,..,..,..,..,..,..,..,..,..,..,..,..,..,14.666342,14.104534,13.91216,13.886752,13.528748,12.737371,12.440549,13.267519,13.223293,14.063924,14.853931,15.284084,15.042971,14.445526,14.050948,14.875046,15.08115,14.966139,15.234876,15.443033,15.799291,15.752667,16.798294,15.109487,15.447067,15.426152,14.859063,14.211991,12.755724,12.804932,13.58587
Spain,119.087482,125.00522,139.380672,150.904318,155.843047,172.513817,165.222209,164.244717,174.772951,186.254116,190.241661,184.473412,187.942244,178.73519,173.02401,177.339517,178.122649,181.317425,198.712392,202.627272,210.399762,221.929575,208.165778,216.952711,228.207273,217.984601,235.853121,242.405526,263.870506,278.584641,279.777085,297.223652,302.617988,319.270642,333.710087,325.036575,337.863432,309.774429,276.08605,262.054508,264.87411,260.511877,235.161625,232.063961,247.067141,238.636038
Sweden,82.047454,82.173711,83.562245,76.514411,79.041442,85.8604,82.904322,77.583901,80.106153,73.120126,66.199133,60.477761,54.96474,54.040194,58.385787,59.862518,58.027614,55.592381,52.787517,52.077313,53.099272,55.656918,55.412876,57.379792,56.934848,62.422403,56.276557,57.230385,56.125849,51.989459,51.165356,52.743717,53.996707,52.309332,49.105657,46.627651,44.987536,42.956366,40.725652,46.062655,42.353647,39.246242,37.567141,37.295108,37.112387,37.997784
Switzerland,38.91881,39.387893,42.98584,38.506835,36.753433,38.581544,38.995923,40.108759,38.652882,39.262132,36.92968,34.941991,39.073141,38.547581,41.772716,41.673936,40.019372,39.873291,39.475005,40.747448,43.420348,43.595925,41.540098,40.483928,41.451239,42.215177,41.142271,42.641295,42.923075,41.984677,43.397509,41.883051,43.188027,43.534175,44.006736,43.629116,41.660487,43.113014,41.825782,43.257955,39.234014,40.665941,41.665705,37.868637,37.323102,37.939175
Turkey,41.736696,49.05564,52.754944,55.306306,59.631215,66.674607,72.221063,73.033456,67.555827,71.522552,71.126812,77.569171,83.28154,87.715162,95.358487,103.308121,113.729949,108.735235,120.704122,128.767192,131.786338,136.5371,142.539308,140.343027,154.030151,170.68756,178.338803,178.407384,178.068898,201.222498,182.686153,192.604713,203.14714,207.401419,215.893009,240.254854,266.198355,262.367024,261.2786,267.84626,287.198873,298.432766,285.183447,307.171527,318.97376,338.763135
United Kingdom,621.136916,602.249054,634.238973,595.189734,576.041675,582.095191,592.909731,591.088384,623.134983,570.574019,554.444856,541.404183,533.135432,516.151533,543.545265,558.0747,562.61906,561.127245,547.411873,549.39,560.129204,547.520728,530.61788,523.225765,513.796406,533.808845,511.895631,514.529285,511.94887,520.562579,535.303234,521.177336,533.471641,533.390972,531.648685,532.899868,521.732998,507.897112,460.083893,476.626027,439.178852,461.442486,447.002731,408.662689,393.461686,371.138521
OECD Europe,3625.318476,3726.096907,3929.833246,3842.776536,3733.132231,3968.044546,3960.740294,4073.116236,4223.991242,4101.319414,3919.739417,3826.988439,3792.19301,3817.281145,3886.593731,3920.418672,3966.578348,3935.398413,3941.949069,3924.484263,3951.316154,3862.100523,3806.07257,3785.822601,3835.226131,3970.276367,3896.067125,3905.774642,3868.006277,3899.479235,3946.614132,3936.283684,4041.971057,4052.743191,4037.180393,4064.310392,4031.604122,3949.284119,3688.991387,3804.309909,3662.558546,3649.047629,3568.738261,3401.765297,3454.226264,3463.978744
Albania,3.862769,4.446406,3.923769,4.111338,4.338335,4.677361,4.958554,5.619528,6.694879,6.811551,5.843745,6.104033,6.659452,7.213167,6.929922,6.951614,7.232072,7.160661,6.839338,5.67294,3.811216,2.137383,1.97626,2.033469,1.848549,1.863265,1.427659,1.75972,2.921638,3.083429,3.224171,3.750319,3.822387,4.007115,3.82518,3.792387,3.775918,3.708691,3.766209,3.93028,4.141865,3.484825,3.646187,4.123,3.82479,3.674253
Armenia,..,..,..,..,..,..,..,..,..,..,..,..,..,..,..,..,..,..,..,19.84522,20.689563,10.656528,4.918989,2.675927,3.368024,2.403509,3.156618,3.283226,2.931683,3.422249,3.458502,2.907289,3.275247,3.465509,4.129845,4.151024,4.797638,5.273319,4.269473,4.048252,4.672813,5.438571,5.243729,5.220168,4.698572,4.871083
Azerbaijan,..,..,..,..,..,..,..,..,..,..,..,..,..,..,..,..,..,..,..,53.483696,52.059425,42.438862,37.359602,33.277749,32.372428,27.072988,26.273673,26.255559,25.764912,27.305752,25.834093,25.514807,27.832385,27.404578,29.018487,29.39629,26.695626,28.81144,24.521668,23.532474,26.449905,28.894745,29.462072,30.793651,30.806151,31.409355
Belarus,..,..,..,..,..,..,..,..,..,..,..,..,..,..,..,..,..,..,..,99.853962,96.241962,86.861439,75.376769,64.029692,56.957855,57.830363,58.209174,56.311903,54.095856,52.128012,50.919604,50.793048,51.384031,54.47506,55.023472,57.248639,55.736659,58.453498,55.324565,59.535489,56.422735,57.632921,57.598839,56.835963,52.658631,53.096958
Bosnia and Herzegovina,..,..,..,..,..,..,..,..,..,..,..,..,..,..,..,..,..,..,..,23.965572,21.44097,15.905386,13.343323,3.06487,3.279822,4.129147,8.415165,10.645188,10.401704,13.718186,13.500827,14.218708,14.546431,15.186631,15.857732,17.462218,18.415086,20.240004,20.204484,20.482692,23.400891,21.645015,21.510393,19.113315,19.241477,21.959057
Bulgaria,63.830961,65.873211,67.731116,68.778889,73.315178,73.199135,75.957988,79.01972,82.248606,85.03243,81.057134,82.702953,81.28068,79.378321,82.206427,83.164019,84.220594,83.155812,82.559508,74.547249,56.599359,54.093955,54.496192,52.075141,52.717202,53.156694,51.271288,48.995725,43.022195,42.166853,45.002059,42.461294,46.705839,45.773625,46.473481,47.622557,50.958555,48.500337,42.373424,44.362484,49.165647,44.415407,39.296275,41.576359,43.748262,40.513295
Croatia,..,..,..,..,..,..,..,..,..,..,..,..,..,..,..,..,..,..,..,20.321797,14.628006,14.145963,14.820651,13.991805,14.783307,14.657169,16.262997,17.622285,17.38782,16.782598,17.753675,18.855022,20.181272,19.604563,19.916015,19.976308,21.221588,20.165571,19.065211,18.247801,17.950695,16.418784,15.901666,15.11658,15.512625,15.85768
Cyprus,1.74446,2.170393,2.275464,1.735444,1.658257,1.939371,2.115331,2.233686,2.428704,2.574553,2.52805,2.57167,2.621283,2.739297,2.765075,3.033898,3.595128,3.650014,3.81441,3.891367,4.444345,4.748781,4.941285,5.145023,5.048343,5.348297,5.471658,5.814508,6.072794,6.30501,6.188864,6.343099,7.01764,6.907327,7.047938,7.113816,7.425311,7.579392,7.502394,7.260558,7.000748,6.515876,5.630059,5.7769,5.900856,6.269195
FYR of Macedonia,..,..,..,..,..,..,..,..,..,..,..,..,..,..,..,..,..,..,..,8.59127,8.383727,8.332379,8.639654,8.350838,8.305698,9.8625,8.78611,9.651401,8.87954,8.522101,8.670599,8.128866,8.829055,8.542582,8.917282,8.912959,9.339659,9.125252,8.502025,8.31969,9.148739,8.792808,7.853686,7.436946,7.133649,6.909364
Georgia,..,..,..,..,..,..,..,..,..,..,..,..,..,..,..,..,..,..,..,33.488252,25.505911,19.869605,15.971918,10.403341,8.136841,6.32886,5.482128,4.909635,4.384621,4.632653,3.381843,2.819754,3.019983,3.204911,4.065651,4.525628,5.453389,4.666909,5.292217,4.995033,5.953737,6.609904,6.685286,7.719782,8.383105,8.809865
Gibraltar,0.068529,0.05923,0.059001,0.059046,0.062035,0.062084,0.058986,0.055827,0.07776,0.093542,0.087168,0.096576,0.087105,0.083892,0.090097,0.115459,0.127533,0.142826,0.136392,0.142762,0.202557,0.239888,0.242986,0.287116,0.280803,0.287056,0.296419,0.312035,0.324493,0.340045,0.349408,0.355658,0.361914,0.393158,0.405661,0.424375,0.421159,0.430447,0.471038,0.474193,0.458581,0.467989,0.499161,0.536594,0.589616,0.645691
Kazakhstan,..,..,..,..,..,..,..,..,..,..,..,..,..,..,..,..,..,..,..,237.250888,246.365963,252.398431,216.238019,194.435993,170.519465,148.261295,125.620086,128.265937,115.894302,112.014088,109.245488,119.577273,134.803143,146.417347,156.90242,172.93738,187.204818,230.259084,202.71616,221.101397,234.817214,233.846134,249.159727,229.816379,225.056968,229.954069
Kosovo,..,..,..,..,..,..,..,..,..,..,..,..,..,..,..,..,..,..,..,..,..,..,..,..,..,..,..,..,..,5.104595,6.473812,6.435986,6.773631,6.842713,6.639143,6.701341,7.030447,7.570399,8.397252,8.695931,8.60546,8.117438,8.296493,7.392378,8.605682,9.081162
Kyrgyzstan,..,..,..,..,..,..,..,..,..,..,..,..,..,..,..,..,..,..,..,22.762333,20.422878,13.2967,9.794205,6.364922,4.458541,5.5277,5.398609,5.71991,4.6197,4.450172,3.761834,4.737821,5.260544,5.187072,4.891897,4.877129,5.963372,7.006244,6.521625,6.040354,7.211383,9.563699,8.874808,9.032193,9.88116,9.289573
Lithuania,..,..,..,..,..,..,..,..,..,..,..,..,..,..,..,..,..,..,..,32.215154,34.286946,19.227406,15.372324,14.430848,13.434223,13.91473,13.557518,14.294692,11.899926,10.221731,10.870199,10.931237,10.938063,11.563238,12.443938,12.501988,12.68399,12.610738,11.407331,12.314709,11.52529,11.531321,10.868837,10.462844,10.550268,10.759318
Malta,0.655075,0.828297,0.794401,0.725872,0.65133,0.740289,0.781011,0.917181,0.892118,0.992264,1.125603,1.292894,0.97049,1.327077,1.158071,1.87486,1.964627,2.138239,2.318848,2.31462,2.210604,2.169054,2.806274,2.50695,2.378852,2.32434,2.46961,2.374491,2.409246,2.129156,2.489087,2.318417,2.608022,2.598015,2.621891,2.64615,2.711087,2.718647,2.504591,2.580574,2.567445,2.709903,2.372209,2.354009,1.645999,1.354221
Republic of Moldova,..,..,..,..,..,..,..,..,..,..,..,..,..,..,..,..,..,..,..,30.532118,24.599515,19.847852,17.008398,13.809774,11.892986,10.20955,9.310277,8.43396,7.141599,6.536801,6.843807,6.963162,7.519843,7.493312,7.810033,7.516143,7.376633,7.336057,7.271097,7.907704,7.88315,7.698872,6.704436,7.248388,7.580049,7.713241
Montenegro,..,..,..,..,..,..,..,..,..,..,..,..,..,..,..,..,..,..,..,..,..,..,..,..,..,..,..,..,..,..,..,..,..,..,2.004803,2.179282,2.098403,2.693302,1.747473,2.584198,2.535664,2.331581,2.267295,2.218417,2.358278,2.112987
Romania,114.671678,118.342972,129.115518,129.794992,140.600338,153.509374,160.745389,174.373162,178.746915,177.369149,178.701874,176.472278,178.706236,174.904821,174.87606,180.005635,188.877833,193.787769,189.850614,168.310871,139.64392,123.880173,114.82617,112.339136,117.593986,120.866905,110.417092,96.476601,82.855381,86.222043,91.34066,90.89767,96.973677,93.734461,92.63266,95.285737,92.381874,91.07087,77.431109,74.725474,80.859377,78.578495,69.185724,68.368061,69.471857,67.889099
Russian Federation,..,..,..,..,..,..,..,..,..,..,..,..,..,..,..,..,..,..,..,2163.514426,2136.428749,1959.332523,1799.779775,1596.380977,1548.23356,1521.636272,1414.776247,1406.57264,1442.966317,1474.378757,1474.654428,1465.835504,1493.880233,1488.185955,1481.879317,1537.684913,1533.70742,1553.820539,1440.663302,1529.207298,1604.721983,1551.04264,1513.795804,1487.114933,1466.330206,1438.597854
Serbia,..,..,..,..,..,..,..,..,..,..,..,..,..,..,..,..,..,..,..,61.906495,52.202442,47.991939,42.718086,38.904665,44.548896,51.652135,56.314932,56.209742,40.010122,42.939355,45.002759,48.581171,52.145017,56.345338,49.497117,51.685025,50.097545,48.277056,45.620416,45.831769,49.987666,44.570334,45.377131,38.063799,44.459956,45.474359
Tajikistan,..,..,..,..,..,..,..,..,..,..,..,..,..,..,..,..,..,..,..,11.018168,10.171655,7.489938,5.020132,2.937318,2.459616,2.215689,2.495771,2.756879,2.529896,2.176524,2.115829,2.084937,2.093825,2.50243,2.34723,2.548517,3.114767,2.948032,2.309778,2.302907,2.418216,2.892173,3.007113,4.021596,4.211791,4.772011
Turkmenistan,..,..,..,..,..,..,..,..,..,..,..,..,..,..,..,..,..,..,..,44.646101,37.788438,27.652089,26.186739,32.583928,33.255957,29.507355,29.760445,30.413269,35.587301,36.666285,37.905738,39.733682,44.234484,46.599488,48.103302,49.21194,55.833107,56.460963,49.959008,56.91977,61.795623,64.0942,65.504808,67.016627,69.105296,68.97229
Ukraine,..,..,..,..,..,..,..,..,..,..,..,..,..,..,..,..,..,..,..,688.618933,651.932021,565.963641,492.916908,410.678873,395.842058,343.950271,325.829779,306.499987,303.190144,295.115802,298.077872,301.123771,326.071261,302.378941,290.246365,298.077564,305.734869,294.792076,249.469152,266.304039,279.518718,273.893057,265.071978,234.206612,187.626462,197.719497
Uzbekistan,..,..,..,..,..,..,..,..,..,..,..,..,..,..,..,..,..,..,..,114.889305,118.749455,111.17231,112.173169,106.401766,94.56282,95.641287,96.944938,112.745281,113.870792,113.980712,115.470814,119.699428,114.937341,112.056745,107.161389,109.493719,109.919487,109.820709,99.798162,97.60008,106.357399,108.229871,96.788615,98.423927,88.596853,85.331837
Former Soviet Union (if no detail),1941.654253,2054.781986,2189.515257,2311.790773,2480.695966,2572.023097,2632.012017,2757.012492,2833.247379,2935.714764,2924.762443,2958.621992,2987.590448,3033.031409,3078.340435,3156.682712,3259.74771,3299.362033,3313.44637,x,x,x,x,x,x,x,x,x,x,x,x,x,x,x,x,x,x,x,x,x,x,x,x,x,x,x
Former Yugoslavia (if no detail),61.808195,60.986349,66.319758,71.51029,73.469765,74.802444,78.493258,84.637934,87.524415,84.159394,96.283605,102.321343,110.639493,113.872722,119.572096,125.747084,118.421018,124.2472,125.097613,x,x,x,x,x,x,x,x,x,x,x,x,x,x,x,x,x,x,x,x,x,x,x,x,x,x,x
Non-OECD Europe and Eurasia,2188.29592,2307.488844,2459.734284,2588.506644,2774.791204,2880.953155,2955.122534,3103.86953,3191.860776,3292.747647,3290.389622,3330.183739,3368.555187,3412.550706,3465.938183,3557.575281,3664.186515,3713.644554,3724.063093,3921.783499,3778.809627,3409.852225,3086.927828,2727.110121,2626.279832,2528.647377,2377.948193,2356.324574,2339.161982,2370.342909,2382.535972,2395.067923,2485.215268,2470.870114,2459.862249,2553.973029,2580.098407,2634.339576,2397.109164,2529.30515,2665.570944,2599.416563,2540.602331,2459.989421,2387.978559,2373.037314
Algeria,8.595354,9.643165,10.996335,11.943391,13.552687,15.944812,17.722053,21.523505,26.979874,27.736567,32.11924,38.23496,41.829331,40.808141,42.073256,47.29371,47.13417,49.544461,49.546801,51.174702,54.725075,54.956884,56.699655,54.611554,55.336871,54.892597,55.994962,57.524491,60.924708,61.507555,63.016771,68.148424,71.983742,73.376924,77.474136,80.759467,84.879688,88.128534,94.441437,95.535494,102.789646,112.186145,115.656876,123.204716,130.426387,127.640061
Angola,1.617728,2.405735,2.199133,2.253842,1.955804,1.939555,1.506542,2.576222,2.539988,2.658143,2.522901,2.198072,2.321053,2.228184,2.817589,2.771551,2.849327,3.214565,3.304778,3.922265,4.013419,3.890279,4.225739,4.180855,3.913614,4.191564,4.333506,3.733813,4.742939,4.633378,5.032712,5.503135,7.065039,7.716417,6.146692,8.253097,9.650963,11.817266,13.871997,15.13271,16.13484,16.034152,18.154579,19.311226,19.786008,19.552275
Benin,0.304681,0.399859,0.409579,0.421427,0.462751,0.280357,0.334804,0.382207,0.382316,0.394842,0.299891,0.363766,0.364559,0.378829,0.472812,0.409381,0.35989,0.356203,0.281356,0.25641,0.199844,0.20894,0.208958,0.215168,0.221525,0.907225,1.159368,1.214659,1.340464,1.424514,1.735138,2.020217,2.276877,2.434443,2.677857,3.245666,3.786198,3.835939,4.193748,4.573129,4.438046,4.214187,4.448582,4.783981,5.297236,5.695204
Botswana,..,..,..,..,..,..,..,..,..,..,1.376521,1.436253,1.407254,1.402084,1.500973,1.727269,1.792777,2.152098,2.371311,2.807402,2.734688,3.298272,3.249687,3.080084,3.189754,2.915881,3.065991,3.682202,3.858487,4.033837,3.865548,4.026658,3.914995,3.970322,4.278592,4.086873,4.319819,4.392715,4.090272,3.271361,3.883974,4.985878,5.415696,6.986344,7.068884,6.953972
Cameroon,0.734002,0.769919,0.797876,0.795465,1.019224,0.930458,1.332719,1.429741,1.542135,1.66832,1.7548,1.878458,2.044365,2.140809,2.378234,2.296649,2.278819,2.492938,2.724859,2.643755,2.433158,2.273586,2.416963,2.550265,2.459447,2.443262,2.569144,2.684377,2.401606,2.788282,2.706751,2.896226,2.9834,3.014275,2.935776,3.106068,4.118067,4.269432,4.809732,5.050635,4.873845,4.962091,5.387369,6.027233,5.944765,6.113219
Congo,0.573467,0.605684,0.599402,0.603603,0.606421,0.743146,0.63541,0.679197,0.653597,0.692371,0.724336,0.800205,0.805275,0.728156,0.759837,0.686931,0.721912,0.673758,0.660975,0.638891,0.682874,0.612806,0.594019,0.387829,0.536663,0.422883,0.319258,0.326813,0.373628,0.4976,0.634626,0.503654,0.75222,0.781171,0.843576,1.022379,1.096509,1.37194,1.569325,1.833181,2.093551,2.228671,2.537396,2.640093,2.703371,2.649997
CÃ´te d'Ivoire,2.40177,2.652975,2.710674,2.808984,3.038335,3.483596,3.414588,3.983021,3.653699,3.390964,2.986684,2.963289,3.738627,3.337321,3.046743,3.077346,3.049391,3.061434,2.928331,2.705416,2.79149,2.772145,2.957319,3.093574,3.262488,3.875063,4.786687,4.829402,6.688637,6.329922,6.258309,6.377868,5.150727,5.418411,5.812997,5.627599,5.548481,6.361282,5.926916,6.245043,6.042079,7.885023,8.458138,8.952661,9.658212,10.306076
Dem. Rep. of Congo,2.576897,2.643362,2.622548,2.689694,2.620723,2.690012,2.805214,2.86117,3.202249,3.167534,3.386291,2.635676,3.581411,3.474446,3.25406,3.005604,3.316847,3.483367,3.300291,2.989672,1.635399,1.411203,1.372549,1.214963,1.142628,1.152151,1.151975,1.273897,1.255269,0.852804,0.713347,0.770714,0.937635,1.013145,1.281835,1.393427,1.543003,1.715975,1.737353,1.869243,2.344655,2.271174,3.476123,4.656707,2.734927,1.979016
Egypt,20.05023,22.538557,20.696793,23.432926,25.581435,29.858131,32.001613,32.949603,36.356822,40.751359,46.634162,50.365326,56.312815,61.7886,64.473874,65.698872,70.823773,72.056434,75.788296,77.862968,77.264634,80.10235,81.887292,76.887262,81.681162,86.194629,93.06502,98.028718,102.362534,99.745,111.41594,113.150769,117.467727,128.168848,144.676264,152.189602,163.618188,170.909082,174.488942,176.465466,182.699983,189.11239,189.221762,193.376069,199.56819,204.804736
Eritrea,..,..,..,..,..,..,..,..,..,..,..,..,..,..,..,..,..,..,..,..,..,0.435703,0.630662,0.712286,0.776319,0.851343,0.799667,0.592788,0.628057,0.615034,0.674761,0.657929,0.667037,0.660538,0.57818,0.502014,0.492457,0.425574,0.447343,0.479567,0.514272,0.549015,0.561656,0.586925,0.612204,0.63116
Ethiopia,1.307973,1.207791,1.298754,1.321785,1.178106,1.184775,1.165955,1.253922,1.320166,1.351692,1.489754,1.352894,1.452574,1.345726,1.385969,1.63678,1.861749,1.929516,2.03209,2.171074,2.214167,1.394395,1.798318,2.07211,2.325787,2.589798,2.753034,2.92339,2.918318,3.201236,4.038853,4.210467,4.570983,4.80422,4.49169,4.804888,5.538474,6.267145,6.385315,5.984701,6.886486,7.287264,8.513738,10.131761,10.200199,10.928839
Gabon,0.47537,0.472553,0.610544,0.559378,0.757318,1.172803,1.324602,1.743002,1.331932,1.290716,1.621636,1.758265,1.821705,1.507276,1.682488,1.477157,1.277947,1.442298,1.130405,0.910008,1.074151,1.112747,1.202796,1.165394,1.315243,1.415119,1.522003,1.617793,1.522468,1.465252,1.477058,1.385136,1.388733,1.431412,1.733488,1.802152,1.938409,2.005539,2.069612,2.650068,2.972227,3.120548,3.273697,3.241588,3.242957,3.351266
Ghana,1.915099,2.007375,2.07969,2.18119,2.305813,2.348769,2.507347,2.527559,2.213713,2.19029,2.71065,2.306655,1.505005,1.807906,2.094938,2.227665,2.319565,2.388919,2.641436,2.539022,2.284914,2.682549,2.715866,2.945075,3.209322,3.511033,3.604624,5.46088,5.857712,4.97998,5.480562,6.689751,6.409198,5.919012,6.397942,7.752728,8.391773,7.76304,9.249583,10.450125,10.818124,12.775249,13.651813,13.226069,14.056451,12.775797
Kenya,3.232544,3.385954,3.53957,3.525255,3.460614,3.970522,4.164355,4.151999,4.10285,4.394634,4.294559,4.069661,3.747742,4.457595,4.592782,5.216294,5.418373,5.377426,5.682857,5.517309,5.309006,5.337536,5.285044,5.27431,5.729446,6.229156,6.02844,6.58346,6.902118,7.767752,7.083621,6.83407,5.866274,6.724078,7.483189,8.445388,8.382221,8.82245,10.429714,11.209777,11.32145,10.354962,11.70371,12.353768,14.146509,15.695046
Libya,3.720881,5.406084,5.786403,6.780985,8.670602,9.227933,10.675975,11.920871,12.848421,17.588668,18.170964,19.711327,20.369143,21.516132,21.243694,22.139614,22.7432,25.052583,26.775863,25.843824,25.672065,25.416879,26.723487,31.133961,32.953728,34.679759,34.534854,35.357819,34.503087,36.75769,37.783874,39.817445,41.519263,42.417788,42.989845,41.789665,38.79479,42.024895,45.198804,48.070354,34.386401,44.245173,48.206537,47.913198,41.939487,43.282406
Mauritius,0.26147,0.290147,0.327955,0.397131,0.422396,0.488438,0.563667,0.604088,0.606902,0.572351,0.578738,0.531685,0.606551,0.648447,0.611514,0.76264,0.807274,0.901078,1.014055,1.164091,1.251644,1.323346,1.46908,1.514199,1.55146,1.61412,1.624192,1.791595,2.198402,2.431869,2.565578,2.612621,2.74856,2.770263,2.961751,3.304212,3.395192,3.466771,3.423317,3.662145,3.639254,3.734856,3.827595,3.959224,3.96753,4.035821
Morocco,6.578347,7.230564,8.329753,9.101341,9.66241,10.61197,11.647197,12.445378,13.333599,13.686735,13.860038,14.519199,15.296273,15.631597,16.272651,16.76004,17.162078,17.96685,19.416791,19.655829,20.604997,22.134021,22.845044,24.998543,26.073829,25.706736,26.871788,27.548589,29.085745,29.55053,32.193992,33.338023,33.06709,36.597948,39.215866,40.525449,41.349844,43.178428,43.154892,46.396882,50.751724,52.237983,51.518832,53.520674,55.371272,55.299719
Mozambique,2.933543,2.656234,2.771981,2.674153,2.375967,2.426946,2.307804,1.991258,1.894824,2.34333,2.033976,1.860486,1.72135,1.468865,1.504154,1.47113,1.470246,1.482475,1.45905,1.084828,0.903326,1.085147,1.280416,1.072362,1.148225,1.088449,1.198299,1.15573,1.146287,1.317719,1.304819,1.374397,1.664915,1.691166,1.514917,1.623482,1.973156,1.95247,2.213949,2.377496,2.824377,2.622461,2.955276,4.018211,5.058395,7.23103
Namibia,..,..,..,..,..,..,..,..,..,..,..,..,..,..,..,..,..,..,..,..,1.132805,1.233,1.432486,1.654071,1.794287,1.923672,1.973531,2.020548,1.975975,1.903499,2.432817,2.116699,2.241939,2.337835,2.492654,2.497724,2.580864,2.911846,2.973369,3.062061,3.116588,3.226439,3.423956,3.579,3.807786,4.057814
Niger,..,..,..,..,..,..,..,..,..,..,..,..,..,..,..,..,..,..,..,..,..,..,..,..,..,..,..,..,..,0.647802,0.646708,0.671788,0.735866,0.769632,0.732949,0.72644,0.800478,0.839223,1.065231,1.355664,1.376608,1.863012,1.776788,1.963615,1.986377,1.945385
Nigeria,5.69909,6.844628,8.41715,9.200069,10.816418,13.711858,16.809828,20.463962,21.072202,25.354714,28.336332,32.018933,33.04559,30.490705,31.785033,30.300683,31.179038,32.652047,33.152598,28.063611,32.882607,39.618958,36.167205,30.493467,32.775289,36.420377,41.379826,37.52602,39.34835,43.766125,49.22423,50.853822,54.066323,54.019432,56.55805,51.355649,47.716496,52.945287,44.125623,54.917303,59.636535,61.067712,80.391598,87.686677,82.733563,85.994076
Senegal,1.215738,1.250839,1.379124,1.469601,1.609256,1.676249,1.81823,1.762936,1.954126,2.040622,2.002295,1.926015,1.907437,2.03998,2.124699,2.042661,2.068896,1.967228,2.07918,2.133383,2.128481,2.322303,2.264494,2.326708,2.478524,2.597369,2.868092,3.191913,3.555823,3.521495,3.835699,3.916607,3.809674,4.438911,4.626202,4.437369,4.981105,5.218783,5.374326,5.460985,5.787961,5.669916,6.003108,6.685094,7.516858,8.159971
South Africa,157.114047,162.895127,178.462555,185.3199,202.998948,216.842804,217.293051,194.728751,198.764871,208.410955,219.461266,216.061563,207.999838,220.366737,222.952719,219.470736,234.733599,233.46308,236.849136,243.841735,238.701938,235.393604,242.839835,248.157175,259.773487,269.596593,284.044569,291.986707,274.279519,280.527077,316.49053,326.837746,348.267832,375.307935,372.313638,373.987818,391.522128,423.320284,400.304488,406.892051,393.134807,411.813554,421.40604,434.536606,410.11502,414.371553
South Sudan,..,..,..,..,..,..,..,..,..,..,..,..,..,..,..,..,..,..,..,..,..,..,..,..,..,..,..,..,..,..,..,..,..,..,..,..,..,..,..,..,..,1.437692,1.475444,1.554694,2.001329,1.765235
Sudan,3.214103,3.408382,4.546734,4.269518,3.212723,3.187272,3.394332,3.081187,3.143834,3.668353,3.58035,3.683501,3.755174,3.332012,3.980397,3.917552,3.001862,4.380944,3.953012,5.29563,4.733531,4.427452,3.090842,4.595563,4.308576,4.104241,5.074409,4.624783,5.091073,5.486136,6.017401,7.46175,7.645698,8.389649,9.867027,12.31311,13.254403,14.343253,14.654632,14.969689,14.027505,13.65575,13.366379,13.538032,15.556687,18.874689
United Rep. of Tanzania,1.403019,1.639619,1.672532,1.50402,1.405113,1.378327,1.389026,1.486587,1.524439,1.490207,1.470965,1.348625,1.36864,1.388699,1.463258,1.543633,1.53806,1.585175,1.60205,1.67051,1.644438,1.63855,1.695236,1.781516,2.492047,2.775188,2.63511,2.37708,2.179326,2.609615,2.76589,3.15433,3.295592,4.571971,5.054894,5.386954,5.202014,5.321011,5.101369,6.130777,7.83819,9.934082,10.280004,10.370591,11.619338,10.590133
Togo,0.343481,0.359388,0.304715,0.272966,0.317366,0.268866,0.341819,0.341609,0.413016,0.366445,0.364333,0.433067,0.29959,0.340395,0.296701,0.48204,0.523294,0.507089,0.513387,0.575188,0.524213,0.375015,0.253092,0.589111,0.579399,0.945052,0.661511,0.825619,1.092468,0.948872,0.781263,0.852205,1.090364,1.029605,0.963195,0.887184,0.892706,1.096273,2.275959,2.076232,1.88731,1.62476,1.687999,1.779701,1.868289,1.953679
Tunisia,3.720525,4.140037,4.230047,4.780958,4.846354,5.136267,5.744273,6.263885,7.321535,7.920137,8.142163,7.935553,9.122242,9.406493,9.661529,9.926556,9.97433,10.806659,11.668415,12.195737,12.533545,13.283409,13.70385,13.794882,14.035978,14.77205,15.427009,16.097814,16.895434,17.637844,18.508264,18.526031,18.341241,19.0463,19.472771,20.16408,20.978278,21.057744,21.13947,23.293569,22.244898,23.474408,23.645006,25.036033,25.614894,25.166875
Zambia,3.367958,3.781041,4.134303,4.130568,4.326451,4.309653,3.800078,3.627801,3.243635,3.280684,2.961597,2.838314,2.725107,2.739322,2.696402,2.78126,2.708516,3.022666,3.111938,2.561419,2.725759,2.706003,2.371445,2.029499,2.002368,1.62029,2.129503,2.030737,1.64246,1.653559,1.748677,1.830705,1.944403,1.950989,2.120701,1.958414,1.331981,1.507765,1.57298,1.636975,1.983147,2.718061,2.852722,3.189173,3.310995,3.644341
Zimbabwe,7.246314,6.867485,8.006575,7.658098,7.169235,7.986333,6.915957,7.072343,7.024602,7.974014,7.948614,7.763987,8.014043,8.300128,9.729999,10.935936,14.403589,14.028595,14.414757,16.248068,17.946361,18.101248,16.666904,15.52393,15.089202,14.455184,13.379319,13.627042,15.413224,13.289196,13.572576,12.242476,10.015254,9.566191,10.272767,9.557679,9.616183,7.451455,7.314694,9.329783,11.096441,11.461718,11.771808,11.521067,11.785298,10.332995
Other Africa,8.423081,8.336316,8.551311,9.069238,9.591708,10.445683,10.898376,10.816969,12.090248,13.305987,11.061863,10.535202,10.474272,10.203415,10.863449,11.015129,14.153382,14.440167,14.140449,12.634273,13.134139,13.150213,13.299355,13.666284,14.193913,14.728066,16.748239,15.471313,16.044976,16.360347,17.146663,17.157832,18.076402,18.783444,19.381041,19.999895,21.821298,23.663161,23.48561,24.99024,28.231472,29.36106,29.399067,29.83708,31.315439,31.826281
Africa,249.026712,263.83882,285.482036,299.165486,323.964178,352.245535,362.514815,352.668773,369.515595,397.690634,421.894919,431.530937,437.636966,453.278,465.719754,471.074819,499.671904,510.430053,522.544467,529.10702,533.882668,542.698543,551.347638,551.722,576.350581,598.61885,631.70393,646.109992,646.229094,658.251521,721.152978,745.939495,779.965003,829.122275,857.350482,873.506472,909.515166,968.384562,957.090002,995.372706,999.776396,1058.115386,1104.449294,1150.167811,1141.014857,1157.608667
Bangladesh,2.87993,2.87993,3.415261,3.895915,4.409662,4.682436,4.80302,5.190369,5.700372,6.581847,6.374076,6.885416,6.433642,6.39068,7.705059,8.522214,9.400712,9.761225,10.495729,11.423969,10.752097,11.748153,12.495181,13.47171,16.485474,16.671599,18.741429,18.980913,19.674569,20.946412,24.843934,26.550059,27.794836,29.741981,31.960242,35.202807,37.310315,40.881793,44.050972,49.899493,53.297257,57.318836,59.835787,63.046898,70.895343,73.333623
Brunei Darussalam,0.39805,0.385555,0.685175,1.14214,1.408172,1.851646,1.985741,1.870862,1.96415,2.639082,2.592826,2.706269,2.906487,2.931125,2.945925,2.939509,2.994494,3.132616,3.109554,3.260342,3.384465,3.585435,3.864775,4.138506,4.502601,4.712811,5.087989,4.313864,4.189515,4.425619,4.311228,4.361484,5.249011,4.920264,4.823123,7.216328,6.844037,7.223358,7.433704,6.861948,7.013413,6.969679,6.853819,6.697137,5.97769,6.320388
Cambodia,..,..,..,..,..,..,..,..,..,..,..,..,..,..,..,..,..,..,..,..,..,..,..,..,1.470824,1.529806,1.640637,1.882192,1.907148,1.963006,2.152613,2.210868,2.37822,2.377829,2.639033,2.944552,3.571209,3.650335,4.369847,4.621817,4.845229,5.054191,5.171259,6.098244,8.011971,9.287496
DPR of Korea,69.212072,71.535839,72.854709,75.905981,78.598515,84.568729,89.49878,94.861215,101.686407,108.129911,111.334226,116.566798,121.169481,124.409898,129.448215,127.090598,121.587502,123.439932,122.694637,116.84789,110.841739,97.785614,89.805757,81.858891,76.532295,67.126528,64.687918,59.646617,64.961376,69.968933,72.315106,69.072966,70.533241,72.092712,75.340143,76.534136,63.274756,70.381465,52.918943,49.292798,34.658935,36.052414,25.106136,28.676338,22.545505,25.426735
India,181.056374,188.294267,188.084379,203.438292,217.193585,232.139559,236.5238,230.977748,250.56972,263.328817,289.519435,308.313434,328.942477,360.264298,376.237067,410.022453,441.81433,466.282255,500.824605,529.05594,570.359756,593.757192,619.07439,653.455933,703.332009,736.179635,775.80487,789.770318,850.491946,884.723669,899.110046,929.34298,947.583801,1022.027633,1072.057031,1143.893197,1256.959717,1334.824258,1498.026286,1580.623782,1664.99642,1800.970004,1851.875609,2015.292204,2026.106322,2076.833008
Indonesia,25.211604,28.345319,32.111301,35.25592,37.839834,38.800363,46.374746,52.54209,59.381312,67.615847,73.105922,75.71957,75.485872,76.652799,84.233242,93.755686,96.166834,105.144355,109.706292,134.238286,144.891715,152.713447,165.845117,178.758773,204.206574,214.605043,236.370377,243.05143,262.481601,255.411075,274.460148,280.089591,308.794178,316.044475,318.634284,340.160271,356.191781,350.337594,362.397785,362.036058,391.630071,414.458279,417.206449,455.604473,454.621588,454.892607
Malaysia,12.798801,12.59845,13.024389,15.239509,16.217172,17.653626,17.505987,19.451551,21.743212,23.701845,25.363939,26.565449,29.456535,30.03486,32.910606,32.343427,33.742336,35.669565,41.848956,49.602675,59.943928,62.917255,67.75985,72.995449,79.589944,90.916788,97.293866,97.714675,106.343655,115.058952,120.445666,126.499628,132.792611,146.572514,155.842737,161.80455,178.056277,190.309588,169.809688,189.8609,191.491754,192.982783,209.077342,220.552886,220.437514,216.152557
Mongolia,..,..,..,..,..,..,..,..,..,..,..,..,..,..,11.761984,12.783159,13.544808,14.394697,13.657999,12.838966,14.673336,12.808868,11.82691,10.292674,10.235408,8.65076,8.477278,8.508037,8.567947,8.962383,8.945111,9.549344,9.251456,9.505729,10.984927,12.330976,12.909351,12.851059,13.538677,14.139528,15.572444,16.962204,18.262226,17.920453,17.099514,17.961983
Myanmar,4.512451,4.39408,3.442828,4.025633,3.927459,4.193409,4.484213,4.637671,4.765222,5.072258,5.014243,5.150185,4.980078,5.481703,5.734878,6.058583,4.515223,4.27901,4.179899,3.914254,3.83493,4.089651,4.651182,5.456655,6.727105,7.105214,7.039296,7.765556,8.572826,9.282083,8.200049,8.082185,10.259271,9.921088,10.477319,9.714565,10.116773,7.608119,7.213872,7.906443,8.102469,11.447009,13.168292,16.537989,18.671318,21.089203
Nepal,0.190162,0.25962,0.394325,0.373914,0.318651,0.244248,0.288749,0.282385,0.453754,0.519431,0.444524,0.507678,0.725601,0.793743,0.551256,0.739355,0.747411,0.739811,0.578501,0.895187,1.126885,1.137412,1.298536,1.616303,1.763152,1.834006,2.100365,2.202561,3.006677,3.100119,3.350174,2.670826,2.904546,2.696735,3.074203,2.500866,2.578145,2.882192,3.427178,4.121841,4.404943,4.971784,4.944809,5.949161,5.694235,8.500407
Pakistan,15.872604,16.000188,16.989648,17.95906,19.981635,19.092109,20.30156,21.283492,22.971995,24.315833,26.266097,29.179348,30.633004,33.067206,36.498744,38.504431,45.196365,49.014628,53.235141,55.974017,57.146837,63.752853,70.364231,72.958124,79.248717,82.219072,85.676078,86.569976,94.875033,94.385039,95.524357,98.043202,100.669944,112.812802,114.984006,124.531874,136.431428,130.524646,133.785195,129.623016,131.073817,132.708911,133.555677,141.607187,150.797209,153.377805
Philippines,23.786288,24.693907,27.698282,26.55604,29.244271,29.056134,32.398895,33.724599,34.937833,32.6213,30.840898,31.113146,33.20312,29.588075,29.268476,27.086013,33.319916,34.997514,36.65389,38.051252,37.339896,40.829199,44.006155,47.36149,57.257527,62.157663,69.046948,69.434362,67.099367,68.130903,67.877707,66.845952,69.028845,70.527137,71.501662,65.547406,69.021633,71.179455,71.467859,77.128395,77.75548,80.408288,89.649793,95.714242,103.89121,114.751786
Singapore,6.059212,7.222019,8.121992,8.464361,8.439737,9.121568,10.179079,11.755667,12.673412,12.657551,13.531365,14.008146,15.111556,15.700482,16.604543,16.827284,17.233739,19.704502,21.091324,28.970005,30.474873,31.410866,36.164232,37.978754,37.584967,38.526335,38.170973,37.059556,37.817658,42.136219,42.053068,41.315729,38.182578,39.637427,37.869751,38.297075,39.431261,39.366941,40.349088,44.290747,46.753624,45.972691,46.487326,45.774968,44.157941,45.265156
Sri Lanka,2.757895,3.390965,3.533889,2.887008,2.63733,2.686089,2.905125,3.337861,3.625339,3.623594,3.759471,4.220685,4.445606,3.81764,3.485028,3.433696,3.965004,3.766495,3.587106,3.676201,3.822634,4.91622,4.816771,5.391573,5.454193,7.979736,7.950363,8.255429,9.102585,10.52269,10.403379,10.978493,11.949274,12.31365,13.392912,11.780165,12.937271,12.123211,11.566173,12.408761,14.67315,16.067752,13.740664,16.880143,19.489881,20.898569
Chinese Taipei,29.783019,33.867921,38.097202,37.136418,40.743937,49.206263,53.014958,60.343918,64.098657,71.390921,65.386722,65.017522,69.46679,71.347454,69.10527,81.154854,85.979301,100.229478,109.005091,111.12192,119.977838,128.20507,137.694947,145.778482,154.001174,162.370754,174.477434,186.689397,195.671574,214.359004,219.7116,228.186274,238.018085,246.357924,253.971723,261.496378,265.401206,254.313619,242.108289,256.357748,255.458208,247.433776,248.654013,250.61137,250.739428,257.824975
Thailand,16.242998,18.274127,20.717231,20.647903,21.151537,24.114404,26.747418,30.008128,32.091517,33.743667,32.559014,31.130053,34.593157,37.998565,42.058553,43.378313,49.995676,57.105321,66.177703,80.884026,90.012953,98.168652,110.650138,123.52062,139.938479,157.117174,160.972754,146.025678,151.719133,152.285491,159.993893,169.40193,177.112222,193.810028,200.203815,201.675947,209.446116,215.179335,207.2121,223.418635,221.780475,238.971868,247.458882,243.897867,248.097604,244.559317
Viet Nam,16.293836,15.903089,17.596207,14.413528,16.953904,11.766226,12.73856,13.406574,14.189152,14.90358,15.288507,16.447391,17.495602,17.37934,17.434727,19.116906,21.584741,20.907624,17.630515,17.388259,17.084091,17.687453,21.120172,23.421175,27.462103,30.902739,36.401714,40.225208,40.28036,44.237927,48.811071,57.187686,60.316888,73.465992,79.118974,81.435441,89.8155,100.978072,111.638235,126.130995,125.634461,124.77642,130.059503,143.893976,168.745743,187.103406
Other Asia,10.572587,10.396565,11.584727,13.6791,12.76101,12.446482,13.987824,14.330226,15.895333,16.660363,17.143815,16.701958,18.070099,18.516013,10.163347,9.683823,10.209927,9.959805,9.933591,10.255347,10.080726,9.268505,9.250985,9.820683,9.332239,9.808783,10.102581,10.590727,10.726137,11.365147,12.216769,12.430313,13.375846,14.915431,15.580218,15.966212,15.493813,17.260304,19.197403,22.131558,27.827341,36.65923,39.259667,27.084903,36.829144,51.414063
Asia (excl. China),417.627883,438.441841,458.351545,481.020722,511.826411,541.623291,573.738455,598.004356,646.747387,687.505847,718.52508,750.233048,793.119107,834.373881,876.14692,933.440304,991.998319,1058.528833,1124.410533,1208.398536,1285.748699,1334.781845,1410.689329,1488.275795,1615.124785,1700.414446,1800.04287,1818.686496,1937.489107,2011.264671,2074.725919,2142.81951,2226.194853,2379.741351,2472.456103,2593.032746,2765.790589,2861.875344,3000.511294,3160.854463,3276.969491,3470.186119,3560.367253,3801.840439,3872.80916,3984.993084
People's Rep. of China,780.185031,831.391063,864.162165,881.732491,1029.319431,1071.332081,1212.911799,1371.803871,1396.172431,1363.829588,1356.638636,1413.444358,1484.993604,1619.3855,1626.027155,1721.417908,1842.602818,1985.477632,2055.351944,2088.85424,2200.885217,2295.775276,2500.72995,2599.499856,2900.265047,2871.980735,2925.748676,3020.716724,2920.896774,3099.685148,3255.95114,3511.727741,4068.094754,4741.830867,5406.473078,5960.358014,6471.235743,6667.084297,7128.370587,7791.613832,8565.987121,8814.485364,9190.739759,9125.138689,9102.684956,9056.800496
"Hong Kong, China",9.229426,9.559367,9.629659,11.005089,10.897087,12.604465,14.560918,15.443163,14.278738,14.606747,15.790794,17.134785,19.562414,21.304942,22.30616,25.265869,27.762488,31.021047,32.377503,33.301677,36.221218,40.746738,43.19071,36.444233,36.527227,35.234011,32.766381,41.44386,44.468365,40.347312,41.449819,40.12306,42.818583,40.91073,41.332022,42.32055,44.032254,42.858166,46.247113,41.99717,45.648906,45.099345,46.051431,47.913658,43.917306,44.728622
"China (incl. Hong Kong, China)",789.414457,840.95043,873.791824,892.73758,1040.216518,1083.936546,1227.472717,1387.247034,1410.451169,1378.436335,1372.42943,1430.579143,1504.556018,1640.690442,1648.333315,1746.683777,1870.365306,2016.498679,2087.729447,2122.155917,2237.106435,2336.522014,2543.92066,2635.944089,2936.792274,2907.214746,2958.515057,3062.160584,2965.365139,3140.03246,3297.400959,3551.850801,4110.913337,4782.741597,5447.8051,6002.678564,6515.267997,6709.942463,7174.6177,7833.611002,8611.636027,8859.584709,9236.79119,9173.052347,9146.602262,9101.529118
Argentina,82.518854,83.568661,87.346548,87.34658,85.231747,89.361553,93.03633,92.362453,97.480772,95.203785,94.001307,92.515256,94.753956,93.196293,87.779269,96.475903,101.167124,106.60559,104.722299,99.416869,104.799441,106.607827,107.358163,114.935369,117.327933,124.859916,130.833386,135.397728,139.336339,139.355577,128.858885,121.64486,130.844083,146.575026,149.476031,158.756604,165.612775,176.704989,168.915967,173.768544,181.236081,185.782641,181.004259,184.76437,190.38491,190.581362
Bolivia,2.183163,2.397191,2.529481,2.737853,3.224486,3.526201,3.751807,4.066275,4.075836,4.20837,4.53278,4.876074,4.938966,4.587408,4.313554,4.156148,4.347628,4.265292,4.725644,5.153024,5.173096,5.411779,5.632632,6.101758,6.8938,6.46806,6.493553,6.93974,6.546289,7.1066,6.813229,7.151506,7.825964,8.526654,9.071477,9.874409,10.790248,11.745996,12.400921,13.710969,14.946379,16.732951,16.910208,18.303797,18.189544,20.193443
Brazil,87.477058,95.1154,112.079714,121.830868,129.610577,143.098926,146.959256,160.127892,169.673682,167.768985,156.307444,156.26115,148.317171,148.445586,156.241251,174.798968,179.414462,182.522298,184.649749,184.32193,191.239626,195.781644,202.97932,210.478593,227.796878,246.034925,263.065003,270.676956,279.733333,292.402375,298.971745,298.26514,292.507133,309.849932,310.587173,314.082467,329.653543,347.945341,324.435921,370.615493,389.715934,422.449532,451.514086,475.625528,451.497463,416.692601
Colombia,26.678966,27.327009,28.665867,30.819714,28.297259,30.023434,31.030868,33.015417,33.37646,34.805296,34.936085,35.495662,37.366151,37.800244,39.47333,40.162332,42.613878,43.088236,44.830864,45.789116,47.522114,49.452512,52.131648,52.173218,54.457798,54.364365,58.929849,59.350926,52.01732,54.176292,54.643261,52.521926,51.850613,51.982776,53.585296,53.658698,54.768848,55.630793,59.043569,60.224109,65.410066,65.230784,75.360089,78.592885,78.347361,85.873005
Costa Rica,1.27322,1.424176,1.629287,1.57651,1.738003,1.801642,2.280719,2.444063,2.430973,2.158298,2.017842,1.684625,1.729669,1.845313,1.948532,2.056872,2.203897,2.309368,2.628472,2.6036,2.759826,3.859543,3.81419,4.449868,4.444999,4.174289,4.094878,4.551682,4.564627,4.499207,4.912853,5.023908,5.324349,5.312708,5.437955,5.971065,6.676794,6.678664,6.362611,6.615283,6.766752,6.84098,7.232103,7.265718,6.932915,7.479976
Cuba,20.813541,20.234648,21.702833,23.557072,24.18462,25.137725,27.47237,29.714269,29.685219,30.492044,30.381756,30.518619,33.20257,34.643652,32.178759,32.761975,34.603878,36.520609,37.747614,34.116552,26.562551,21.231724,19.635143,21.148493,22.448804,24.405495,26.397969,26.05174,26.900296,27.343782,26.465536,25.240978,24.502734,24.223934,25.051439,25.442475,26.312922,25.46891,26.296938,29.508742,27.812481,28.089409,26.648098,26.207615,26.844821,23.277593
CuraÃ§ao,14.514371,14.112513,15.607218,14.122547,10.195283,10.847662,10.981703,9.270319,9.180927,8.676236,8.040501,7.294269,6.827284,6.689145,4.497628,4.29549,3.963704,3.457732,2.955084,2.664755,2.764218,2.860175,2.324579,2.627614,2.633532,2.660957,5.261621,5.430498,5.397714,5.620898,5.657873,5.412239,5.425343,5.666362,5.974554,5.877229,6.386435,6.324226,5.924533,4.375145,5.493574,4.458684,4.29518,4.610985,4.67566,4.147759
Dominican Republic,3.485646,4.572654,4.636068,4.998163,5.213327,5.347044,5.677987,5.829984,6.150971,6.329203,6.000195,5.794147,6.754477,7.079084,6.234307,7.069611,8.082922,8.133112,8.668523,7.40319,7.697154,9.03272,8.973937,10.590283,11.221459,12.025149,13.71781,15.812224,16.818888,17.601348,17.810794,19.591746,17.506631,16.151466,17.398579,18.456432,18.825512,18.772831,18.009086,19.021679,19.242013,19.951368,19.599272,19.449232,21.468773,22.369783
Ecuador,3.494979,3.521569,3.967883,5.235342,5.935597,6.86299,8.096244,9.238899,9.699255,10.407162,11.801044,11.823027,11.093482,11.188183,11.665562,11.915412,11.624483,12.291649,12.022616,13.321497,13.914189,14.826005,14.044406,14.908066,16.691119,19.210785,20.436561,20.406807,16.520825,18.138332,19.290923,19.808705,19.595359,22.214203,23.926726,25.423958,26.09558,26.158654,28.776232,32.056224,32.135957,33.507169,35.169567,37.954737,36.756221,35.018223
El Salvador,1.304512,1.522634,1.685416,1.688863,1.923432,1.946433,2.015359,2.024939,1.937136,1.595942,1.500301,1.484621,1.489921,1.517895,1.640674,1.621669,2.000045,2.088091,2.037806,2.1066,2.773211,3.17351,3.552948,4.094198,4.573342,3.983599,4.873314,5.207959,5.165936,5.174893,5.51176,5.534951,5.911062,5.931363,6.252813,6.523562,6.92343,6.143438,6.0356,5.826199,6.013436,6.017147,5.73075,5.945501,6.465396,6.75866
Guatemala,2.264191,2.493151,2.630933,2.714009,3.015686,2.897048,3.342733,3.754934,4.215265,4.213929,3.635695,3.189331,2.746419,3.094065,3.183811,2.319764,2.719946,2.905734,3.037563,3.206932,3.410711,4.225827,4.627185,4.917245,5.858988,5.719032,6.002674,7.645168,7.516596,8.582296,8.989814,9.653082,9.642004,10.237483,10.621597,10.630967,11.475942,10.252397,11.23154,10.266326,10.564633,10.958833,11.831422,12.702455,15.154814,16.251563
Haiti,0.378566,0.355966,0.365386,0.408777,0.412845,0.569456,0.595031,0.645044,0.651931,0.620339,0.521498,0.668707,0.749614,0.779139,0.796144,0.740571,0.812897,0.886398,0.93481,0.93415,0.893798,0.81494,0.651534,0.189015,0.902323,1.05821,1.274187,1.300996,1.354862,1.383764,1.514216,1.732309,1.641553,1.89039,1.980995,2.025276,2.316799,2.316799,2.239133,2.095143,2.140475,2.081921,2.165802,2.762668,3.208932,3.250082
Honduras,1.123195,1.158468,1.266175,1.249289,1.327973,1.421387,1.578269,1.584455,1.684664,1.695728,1.611646,1.595442,1.762727,1.864604,1.671582,1.701305,1.900198,2.095417,2.31873,2.177193,2.163138,2.463114,2.601681,2.999876,3.57539,3.520901,3.620729,4.324054,4.360524,4.487714,5.290762,5.620186,6.246167,7.035837,7.160849,6.399021,8.11821,7.878326,7.52208,7.497179,8.209952,8.534547,8.754026,8.445483,9.236647,9.129932
Jamaica,5.53534,6.084401,8.067094,7.415012,7.448299,6.205198,6.843941,7.000487,7.006458,6.543542,6.523274,5.56844,5.535745,5.217229,4.669491,4.421215,4.690494,4.876165,6.300459,7.245727,7.213086,7.907488,8.098004,8.155323,8.416997,8.773241,8.960268,9.46179,9.738741,9.790412,9.817047,9.971388,10.281148,10.256825,10.281643,11.745432,11.752898,9.539429,7.393218,6.930888,7.207861,6.880723,7.322928,7.129115,6.99268,7.228446
Nicaragua,1.486469,1.526742,1.668701,1.837815,1.849609,2.122075,2.614395,2.353724,1.538554,1.807401,1.88956,1.873325,1.956437,1.790692,1.805716,2.131558,2.163657,1.922373,1.708562,1.839218,1.81606,2.116114,2.089137,2.392729,2.513704,2.662389,2.85883,3.358084,3.392312,3.542097,3.711185,3.832413,3.953134,4.105783,4.032088,4.24551,4.363378,4.190991,4.166698,4.277151,4.468533,4.436338,4.291559,4.580743,5.128342,5.303066
Panama,2.486544,2.660542,2.917583,2.978272,3.096656,3.092588,3.070675,2.902154,3.059532,2.910993,2.52249,2.961887,3.394106,2.813337,2.66613,2.749264,3.053911,2.390271,2.495063,2.563419,2.995375,3.527758,3.549682,3.772837,4.091652,4.129177,4.337947,5.401174,4.688591,4.877767,5.869645,5.099018,5.202879,5.290717,6.772927,7.149715,6.897843,6.52844,8.009256,8.84343,9.498379,9.76407,9.873841,10.588173,10.683325,10.156293
Paraguay,0.571143,0.630894,0.7031,0.666167,0.703541,0.779565,1.117864,1.401693,1.346564,1.347047,1.308657,1.311695,1.249111,1.395989,1.422913,1.467409,1.611564,1.844498,1.830601,1.929831,1.884364,2.254323,2.607498,3.070871,3.489667,3.448393,3.833791,4.019591,4.026969,3.281667,3.414675,3.589509,3.712995,3.766491,3.470017,3.598945,3.731111,3.946036,4.09783,4.658799,4.870878,5.044064,4.936434,5.188904,5.682268,6.407443
Peru,15.39006,15.402696,16.252567,17.490842,18.240389,18.513805,18.186143,18.36159,19.198232,20.402549,21.248439,21.068807,17.775325,18.601185,18.051917,19.331314,20.901606,21.26519,19.30794,19.151449,18.541,19.36097,20.031108,20.549577,23.310633,25.680147,25.412637,24.421352,26.856338,26.402616,24.337198,25.525387,24.875717,28.768286,28.63288,28.031846,30.924399,35.20957,37.747349,41.103884,44.238492,43.503041,44.292667,47.476155,48.812734,51.332012
Suriname,..,..,..,..,..,..,..,..,..,..,..,..,..,..,..,..,..,..,..,..,..,..,..,..,..,..,..,..,..,1.453534,1.484432,1.080106,1.199082,1.35861,1.652798,1.494427,1.375908,1.42006,1.418213,1.69568,1.787669,2.002727,1.965028,1.992599,2.066471,1.906207
Trinidad and Tobago,5.368951,5.472716,5.667522,5.194404,4.575184,5.183828,5.939647,5.878387,5.91777,6.370095,7.20566,7.021237,6.636806,6.753664,6.654052,6.827371,7.178039,7.722954,7.594764,7.901153,7.809559,8.168047,7.870407,8.062186,8.163495,8.497377,9.111623,9.47886,9.479934,10.107621,11.77301,13.067731,15.316668,15.750187,17.541534,19.440689,21.660418,21.535807,20.170652,22.350615,22.246164,22.049706,22.95303,23.239676,21.657195,21.10958
Uruguay,5.099038,5.567493,5.218384,5.036871,5.333965,5.463675,5.378641,5.466873,5.94873,5.338519,4.79354,4.458358,3.579295,3.211306,3.010828,2.96216,3.321112,4.275667,4.619508,3.599821,4.127402,4.508028,4.240984,3.933634,4.391965,5.133197,5.190131,5.347517,6.403025,5.090648,4.54579,4.149558,4.075861,5.202316,5.151873,6.082904,5.571617,7.468228,7.452967,5.959633,7.223778,8.187321,7.114948,6.267577,6.374929,6.325631
Venezuela,45.912851,47.404035,55.039793,56.264597,56.070377,59.470769,61.60314,67.006468,76.36266,83.370084,84.542934,85.407192,84.912648,85.039964,85.139411,84.895526,83.990599,84.910745,91.603217,93.587086,92.358019,94.550952,100.207958,100.803434,106.098122,114.091941,118.811645,119.700282,109.345286,116.210492,123.343708,122.717159,122.556543,127.775622,137.701544,133.589039,129.85059,159.402259,160.50934,171.468892,145.718949,164.035586,152.193277,151.608044,140.538722,127.351079
Other Non-OECD Americas,8.186189,9.484774,10.40249,8.575005,10.868673,9.589031,10.612283,11.011298,10.337608,10.263177,10.657114,9.61272,8.603924,9.30879,9.236562,9.907603,11.106009,11.522044,12.027399,12.419912,12.707407,12.349351,12.49394,12.799436,13.384142,13.45688,13.62418,14.128907,14.421159,14.087331,14.908759,14.421432,14.913207,15.280774,14.719579,14.688881,15.570786,15.54431,15.972737,16.990199,17.66565,18.842486,21.543518,20.024463,20.33074,20.639426
Non-OECD Americas,337.546847,352.038333,390.050043,403.744572,408.497528,433.262035,452.185405,475.461617,500.959199,506.528724,495.979762,492.484591,485.375804,486.862767,484.281423,514.76944,533.472053,547.899433,558.767287,553.453024,561.125345,574.484351,589.516084,613.153623,652.686742,694.358425,737.142586,758.414035,754.585904,780.717263,787.9371,780.655237,784.910229,833.153745,856.482367,873.189551,905.655986,966.806494,944.132391,1019.860206,1034.614086,1095.382028,1122.702092,1160.726423,1137.430863,1098.783165
Bahrain,2.893748,3.301253,4.267852,5.049694,5.229826,5.684429,6.297154,6.677344,7.137322,7.239603,7.762383,8.140444,8.467067,8.662287,9.099745,9.775502,9.618884,10.124094,10.266868,10.679769,10.285378,12.179941,12.978475,13.282183,13.457586,14.093199,14.349018,15.419685,15.39417,15.84312,16.35367,17.197464,17.907411,17.789201,20.564912,22.354589,22.866847,24.615977,24.478324,25.551561,25.573702,26.100964,28.29268,29.695133,30.072799,29.638919
Islamic Rep. of Iran,38.903847,43.018539,51.987419,58.706951,68.032533,77.827619,87.472479,86.548199,95.753769,88.499915,90.517704,102.307223,122.994052,133.200504,145.047512,134.598771,143.967538,147.478527,162.747126,171.245616,191.270395,206.421679,208.88174,238.343626,244.570008,251.257752,263.606032,266.084295,298.555028,312.265374,327.350672,343.057348,357.393758,385.87605,417.780623,449.259953,480.064826,487.34441,504.287442,498.607875,507.801762,512.345217,535.980426,556.684122,553.299061,563.379012
Iraq,10.317715,11.495865,11.807706,12.827449,15.538684,19.28221,20.178714,22.717822,26.533038,26.233197,25.257798,27.16512,31.392914,33.788171,37.974347,42.460688,44.010253,49.327632,54.456708,52.412382,43.382297,66.405681,87.844063,98.808004,95.144886,97.471667,114.188744,79.193669,60.907128,70.503439,80.279404,75.127374,69.585227,72.873418,73.175678,68.979875,62.806621,72.741272,92.220112,103.931599,110.523626,126.59036,135.590804,140.804019,130.378994,139.909495
Jordan,1.35148,1.502171,1.721905,1.829314,2.15102,2.641017,2.798026,3.364459,3.464191,4.311923,5.259255,5.988902,6.531473,7.079123,7.474579,8.238991,8.683856,8.411897,8.510961,9.174482,9.216637,10.63627,10.769788,11.374282,12.194148,12.467322,13.086609,13.57496,13.5838,14.246473,14.121047,15.005344,14.819553,16.697452,17.922451,18.310124,19.215733,18.50586,19.284157,18.801147,19.815359,22.670988,22.343736,24.000628,23.78505,23.86338
Kuwait,14.037323,15.45753,16.255437,15.712204,15.107407,16.47299,18.111185,20.002099,25.616931,26.431549,26.77663,30.313664,32.413587,33.072186,36.749465,40.198101,43.150548,52.354568,60.855492,27.80199,7.761021,22.108795,28.307516,32.650256,32.351707,31.444019,32.59486,38.8466,42.756226,46.30185,50.225551,52.231018,53.393455,56.238261,64.750021,67.309013,67.504009,71.594638,78.43872,77.004457,78.273889,77.123083,86.905114,81.627902,90.569692,90.189724
Lebanon,4.581585,4.984531,6.387456,6.488241,5.709365,5.247478,4.612883,5.803475,6.299755,6.652979,6.333572,4.678656,5.194782,5.456358,6.614051,7.061642,7.231648,5.473162,5.514277,5.514277,6.948884,6.897844,10.101047,11.082074,12.789404,13.297567,15.238223,14.874758,15.65432,13.99514,15.15307,15.100997,15.050751,15.198911,14.461369,13.663614,12.012641,15.77358,19.279846,18.206178,18.506855,21.011666,20.641996,22.375888,22.761787,23.198129
Oman,0.256419,0.262778,0.290805,0.448977,0.722239,1.117323,1.310467,1.545425,1.889158,2.248344,2.507352,2.94355,3.895004,4.982019,5.63629,6.230968,6.309489,6.627579,6.846779,10.162419,14.104386,13.356609,12.581986,12.505457,14.691666,14.93329,14.98786,15.278251,17.488388,20.419103,23.015881,24.672962,25.285983,25.111493,25.181792,33.66994,37.090223,35.615638,38.513828,42.367745,48.765171,54.341128,56.491108,59.64282,63.63628,63.137553
Qatar,2.240473,2.469785,3.45643,2.998566,4.927527,3.478535,4.047409,3.831654,6.210281,6.982122,8.478929,9.216323,9.559389,10.655332,10.685736,11.397001,11.634748,12.04435,12.829701,12.431991,13.73155,14.453935,15.269861,16.055834,16.831696,17.632733,19.179641,20.426689,22.554595,21.257768,22.477362,26.559288,27.85915,30.866838,33.211677,38.463634,43.996547,46.921886,48.040842,55.482534,62.456172,69.525995,71.181477,76.585389,77.636537,79.07117
Saudi Arabia,12.678678,14.409904,17.566037,20.205111,22.518897,25.906126,34.43907,52.850392,73.640005,99.437037,112.982913,125.405468,134.862509,117.292684,117.80221,118.481565,130.196762,138.383257,138.045275,151.113971,157.306431,170.657294,180.82252,193.006546,191.653099,203.527021,205.717366,220.203404,226.146602,234.616627,238.287578,255.31861,266.341913,282.109085,298.036632,316.647413,333.178917,364.25138,379.467713,419.163547,434.637464,463.416495,471.131152,506.685654,531.554322,527.234964
Syrian Arab Republic ,5.434654,5.143152,4.93073,6.984726,8.260521,9.289055,10.060448,10.151437,13.339378,12.328167,13.869463,16.59317,19.561483,22.043921,19.536165,20.978912,23.803502,24.442723,23.830167,27.229959,29.788126,28.290408,28.270607,29.40262,31.132913,34.245488,34.522849,37.530354,36.569237,37.028484,38.906702,39.81511,40.035776,42.492216,53.466197,56.694151,59.617243,61.36281,56.682731,56.594477,52.148055,40.265979,30.805339,27.153342,25.962016,26.093264
United Arab Emirates,2.463161,2.585427,3.233521,3.371135,4.919171,6.371013,10.603247,12.250028,14.498959,19.224041,23.33251,25.573032,24.701009,31.891136,35.636271,40.031049,44.237058,45.466201,51.981934,51.887235,59.165473,56.563571,59.612098,65.587859,69.65918,72.72867,76.671247,78.428724,80.6307,79.851425,92.546147,94.56474,98.794227,105.021974,111.145281,115.048818,124.186847,146.520435,148.543135,154.590039,158.154333,168.504574,176.752102,176.420081,186.575571,191.805029
Yemen,1.202548,1.45461,1.861901,1.843754,1.752492,2.178359,2.194749,2.435929,2.635676,3.477097,3.497694,3.995752,4.426256,4.52529,4.857038,5.140596,5.645355,6.08741,6.338936,6.296836,8.146405,8.801142,7.796088,8.156049,9.436414,9.67014,10.359394,11.2629,12.599918,13.348568,14.51728,14.562857,16.842381,17.846268,18.836221,18.89331,20.003283,21.25452,23.468293,22.388932,19.804949,18.118959,24.648494,24.150251,11.356854,9.215809
Middle East,96.361631,106.085545,123.767199,136.466122,154.869682,175.496154,202.125831,228.178263,277.018463,303.065974,326.576203,362.321304,403.999525,412.649011,437.113409,444.593786,478.489641,506.2214,542.224224,535.950927,551.106983,616.773169,663.235789,730.25479,743.912707,772.768868,814.501843,811.124289,842.840112,879.677371,933.234364,973.213112,1003.309585,1068.121167,1148.532854,1219.294434,1282.543737,1366.502406,1432.705143,1492.690091,1536.461337,1600.015408,1660.764428,1725.825229,1747.588963,1766.736448
IEA/Accession/Association,10525.33104,11027.4941,11624.30673,11470.82996,11327.4436,11972.94024,12375.35137,12687.51796,13014.82767,12690.28621,12452.18679,12207.77101,12218.71522,12718.18564,12873.76909,13027.22554,13449.09057,13948.09987,14240.98468,14272.65014,14511.9116,14697.04326,15061.58424,15430.62395,15970.60945,16405.6228,16810.21218,16950.72464,17002.9291,17567.09436,17797.0452,17992.52694,18838.73383,19764.05442,20546.37849,21139.84142,21972.19164,21932.73986,21799.08306,23103.49497,23772.43617,24044.81951,24578.57555,24481.94186,24387.52734,24301.06072
European Union - 28,..,..,..,..,..,..,..,..,..,..,..,..,..,..,..,..,..,..,..,4027.207392,4000.102284,3869.470657,3796.780044,3771.31455,3812.327968,3933.050496,3839.810252,3832.447376,3771.385925,3786.059222,3859.180238,3838.893141,3942.795803,3944.125703,3921.680704,3927.838233,3872.770061,3789.022227,3508.407806,3612.362316,3466.438985,3432.178068,3347.160908,3162.602122,3206.630609,3192.33546
G7,7692.319343,8023.871339,8453.480859,8220.485019,7872.430922,8298.921528,8472.172999,8518.962575,8686.171248,8317.956529,8106.711247,7773.682284,7719.235786,7982.022718,8016.073391,7980.037734,8158.683685,8456.793359,8558.716283,8484.195311,8462.891405,8493.639585,8552.945796,8659.29331,8749.951284,8994.827938,9204.01318,9246.083435,9278.349317,9488.840578,9481.191003,9346.46573,9478.407964,9534.358368,9553.594588,9421.320012,9519.747344,9226.579123,8588.148256,8954.237971,8692.609037,8530.479049,8672.885172,8512.27287,8358.935256,8242.329204
G8,..,..,..,..,..,..,..,..,..,..,..,..,..,..,..,..,..,..,..,10647.70974,10599.32015,10452.97211,10352.72557,10255.67429,10298.18484,10516.46421,10618.78943,10652.65607,10721.31563,10963.21934,10955.84543,10812.30123,10972.2882,11022.54432,11035.4739,10959.00493,11053.45476,10780.39966,10028.81156,10483.44527,10297.33102,10081.52169,10186.68098,9999.387803,9825.265462,9680.927058
G20,..,..,..,..,..,..,..,..,..,..,..,..,..,..,..,..,..,..,..,16791.87948,16931.17101,16899.12062,17086.12535,17217.23659,17724.24534,18125.9267,18400.59338,18543.76185,18600.21208,19185.86193,19443.568,19631.33568,20532.92638,21469.02743,22237.24442,22902.31989,23754.75461,23790.4023,23529.16014,24922.34827,25666.77691,25902.15322,26390.80679,26348.37294,26220.47677,26099.8118
Americas,5081.59782,5365.024047,5594.43186,5477.063928,5293.112437,5602.398847,5808.387053,5839.325543,5923.037553,5750.589332,5673.51492,5447.985794,5401.757673,5618.86873,5653.25984,5638.672917,5833.092849,6089.726853,6197.628164,6062.526881,6043.389494,6145.281922,6282.118441,6419.097849,6503.980469,6735.492479,7083.16808,7184.004084,7201.755508,7435.210304,7405.959724,7256.121868,7365.140855,7497.507239,7566.558759,7488.894529,7650.709923,7522.369998,7068.717715,7410.512604,7231.842469,7069.347227,7235.164136,7260.978,7122.388764,7003.386231
Asia,..,..,..,..,..,..,..,..,..,..,..,..,..,..,..,..,..,..,..,5832.788569,6073.206133,6279.955066,6579.892625,6852.459819,7312.108948,7418.797602,7608.620374,7647.054868,7766.030048,8147.322044,8404.495034,8828.264409,9541.003989,10459.72853,11317.93309,12099.87596,12955.15068,13307.31353,13881.35301,14892.09626,15956.56909,16534.81693,17066.27351,17262.39372,17316.86618,17426.73296
Europe,..,..,..,..,..,..,..,..,..,..,..,..,..,..,..,..,..,..,..,7176.22524,7062.14181,6645.692404,6317.857032,5978.363728,5953.293777,6005.929204,5795.072589,5763.527628,5717.44336,5757.646201,5839.100946,5815.328804,5981.564593,5962.466479,5917.481474,5993.773124,5939.096659,5868.430579,5421.931466,5641.967974,5584.253579,5483.946253,5353.800928,5096.761968,5076.590311,5048.573645
Oceania,161.117456,168.05568,179.319822,196.726688,201.114764,204.946722,219.962176,213.579928,218.715749,228.352744,229.507953,236.555532,225.147575,232.301428,244.574849,244.659839,256.608433,266.743374,279.968409,286.889986,288.539059,294.449191,298.07385,304.63865,315.239243,326.86354,336.481954,357.061096,363.588408,370.89664,380.348508,388.600905,395.244435,409.289081,416.185366,421.723577,429.655231,432.973259,435.246158,429.705042,428.531374,429.067157,425.595277,418.334781,425.242045,437.818988
